,formula_charge,formula_discharge,voltage
345,Mn(NbS2)3,LiMn2(NbS2)6,1.7160304067
352,Na3MnO3,Na6LiMn2O6,0.9366618617
1233,Li5V6O5F19,Li11V6O5F19,3.2797249717
1103,LiV2F7,Li2V2F7,2.6684367033
591,Mn3FeO8,Li3Mn3FeO8,3.4138972767
686,Fe3Cu(PO4)4,Li4Fe3Cu(PO4)4,3.6939018583
241,V6O5F19,Li5V6O5F19,4.3272369327
808,TiMn3(PO4)6,Li6TiMn3(PO4)6,4.098025345
1157,Li3MnF7,Li4MnF7,4.6105706333
876,LiV2S2(O4F3)2,LiVSO4F3,4.6765852033
276,La4FeO8,LiLa4FeO8,3.3678421592
145,Mn5Cr3O16,Li4Mn5Cr3O16,3.8935755617
903,MnFe3(PO4)4,Li4MnFe3(PO4)4,3.5833817696
609,LiTi2Mn3O10,Li3Ti2Mn3O10,3.3025959792
838,V3Ni(PO4)4,Li4V3Ni(PO4)4,2.7740797433
67,CoCu(PO4)2,Li2CoCu(PO4)2,4.3653732817
1097,Li4Cu(PO4)2,Li5Cu(PO4)2,3.3265552533
28,Ba3LaNb3O12,Ba3LiLaNb3O12,1.3228486967
365,Li3Mn3(PO4)4,Li4Mn3(PO4)4,3.8737356767
752,Cr(WO4)3,Li4Cr(WO4)3,3.7004695808
917,Li2Mo(PO4)2,Li3Mo(PO4)2,3.1696458383
720,VPO4F,Li2VPO4F,2.8132673433
967,LiMnP2O7,Li2MnP2O7,3.7419437633
730,Co3SbO8,Li3Co3SbO8,3.5730727133
1153,MnF3,LiMnF3,3.9999172933
1130,Li2VF5,Li3VF5,2.1906048008
381,MnPO4,LiMn2(PO4)2,3.73647442
222,Na3Mo(OF)3,Na3LiMo(OF)3,1.6589940167
665,Ti2O3,LiTi4O6,1.2077308467
659,VO2,LiV4O8,2.9446518667
69,Co3Cu3(TeO8)2,Li4Co3Cu3(TeO8)2,4.2274550367
630,Li(NiO2)2,Li2NiO2,2.83525455
980,Mn(CoO2)4,Li3Mn(CoO2)4,3.3007559833
1175,P2WO7,LiP2WO7,2.4374007983
1202,LiCo2(PO4)2,LiCoPO4,4.2938296033
1100,LiCuPO4,Li2CuPO4,3.0010699433
821,LiV2P4(HO8)2,Li3V2P4(HO8)2,4.2390762233
1018,Li2VO3F,Li3VO3F,3.0385893508
373,MnP2O7,LiMnP2O7,4.2068677742
954,LiMn(PO3)4,Li2Mn(PO3)4,4.2968052083
606,LiMn5O8,Li3Mn5O8,2.6932105217
147,TiCr3(PO4)6,Li6TiCr3(PO4)6,3.95384122
8,AgPdF6,LiAg2Pd2F12,5.0525056567
796,Mn3Cr2Sn(PO4)6,Li4Mn3Cr2Sn(PO4)6,3.1432725783
544,Co15O28,Li4Co15O28,3.9633465542
1177,P4WO12,LiP4WO12,3.3213239333
977,LiMn3(PO4)3,LiMn2(PO4)2,3.7793830033
656,VO2,LiV4O8,2.9542953867
144,LiMn3CrO8,Li2Mn3CrO8,3.5390234667
974,MnPO4,LiMnPO4,3.7464543333
1197,CoP2O7,LiCoP2O7,4.8983970783
1231,VOF3,LiVOF3,4.3378111833
758,LiCo3NiO8,Li4Co3NiO8,3.67976904
1199,LiCoP2O7,Li2CoP2O7,4.4246094858
800,LiCo(CO3)2,Li2Co(CO3)2,4.0232340183
472,LiV(PO4)2,Li2V(PO4)2,4.1130189767
293,Li3Fe3NiO8,Li4Fe3NiO8,3.5683084067
582,V2OF5,LiV2OF5,3.4425170133
1169,Cr(PO3)4,LiCr(PO3)4,5.1799417483
783,Cr3Co5O16,Li4Cr3Co5O16,3.8708393658
400,Mn3VO8,Li2Mn3VO8,3.5455064892
167,Yb2Cu(GeO3)4,LiYb2Cu(GeO3)4,4.0358903367
1131,Li2VF6,Li3VF6,3.8033203233
1240,Li7VO5F,Li8VO5F,1.0045288083
1210,Mn3OF6,Li2Mn3OF6,3.6346490308
1145,VF5,LiVF5,4.7172793833
1165,Li(FeO2)2,Li5(FeO2)4,2.770255365
524,VF4,LiVF4,4.3148518117
802,Mn2CrNi3(PO4)6,Li4Mn2CrNi3(PO4)6,4.1254750458
573,LiMn2F7,Li2Mn2F7,4.3096626367
1266,Li9Co15O28,Li13Co15O28,3.1377439833
550,CoO2,Li(CoO2)2,4.0005551867
249,VOF3,LiVOF3,4.4614474642
1247,LiFeP2O7,Li2FeP2O7,3.0628322783
551,Li5CoO4,Li6CoO4,2.1441206842
692,LiCu(HO)4,Li2Cu(HO)4,2.9016335933
678,MnO2,LiMn3O6,3.5814169567
1116,Li3V2F9,Li4V2F9,2.5865506683
261,VOF3,LiV4(OF3)4,4.3543425867
1282,LiV2(PO4)2,LiVPO4,2.3685612533
493,LiV8O20,LiV2O5,3.5228730633
399,LiMn3V2O10,Li5Mn3V2O10,2.8494531967
269,LiVFeP2(HO5)2,Li2VFeP2(HO5)2,3.5063308417
77,LiCrCo3O8,Li2CrCo3O8,3.7044075067
741,V(CO3)2,Li2V(CO3)2,2.9093660558
588,LiV2(OF3)2,LiVOF3,4.2072740667
428,TaMoS4,LiTaMoS4,2.1903623067
24,K3Nb3(BO6)2,K3LiNb3(BO6)2,1.4893430967
912,Li15Cr2O12,Li17Cr2O12,2.2490273183
7,AgPbF6,LiAgPbF6,4.9600908167
907,Mn11Fe(PO4)12,Li12Mn11Fe(PO4)12,3.793832465
214,KRbMnF6,KRbLiMnF6,3.8908514567
1270,Li3V4(PO4)6,Li3V2(PO4)3,3.5036373833
616,LiMoP4O13,Li2MoP4O13,4.0423901817
1259,V5O12,Li3V5O12,3.4561938433
134,CrPHO5,LiCr2P2(HO5)2,4.5401327367
465,Yb5(ReO6)2,LiYb5(ReO6)2,3.5420628967
577,LiMnF4,Li2MnF4,4.0336373817
820,VPHO5,LiVPHO5,3.4887150083
664,Li3V5O10,LiVO2,2.2365881467
1255,V5O12,Li3V5O12,3.3736100867
890,LiMn3CrO8,Li4Mn3CrO8,3.1838040967
19,Fe2As2H2PbO10,LiFe2As2H2PbO10,3.0942195767
362,Mn2P5O16,LiMn2P5O16,4.4956598117
643,TiSe2,LiTiSe2,1.5629764767
429,Ta4MoS10,LiTa4MoS10,2.0919896767
905,MnFe(PO4)2,Li4Mn3Fe3(PO4)6,3.5681771433
422,MoPO5,LiMo2(PO5)2,3.3817270267
1019,V6O5F19,Li5V6O5F19,4.2485246613
1125,LiVF6,Li2VF6,4.6112441233
1115,LiV2F9,Li3V2F9,4.0600477383
645,VSe2,LiVSe2,1.4518114167
965,Mn6P7O24,LiMn6P7O24,3.9673356983
433,Na4Ti3O8,Na4LiTi3O8,1.0380490767
85,LiFeCoO4,Li2FeCoO4,3.2287657867
1188,Li2P8W3O29,Li6P8W3O29,3.5927087546
517,FeF3,LiFeF3,3.4614077967
348,Mn2NiO6,LiMn2NiO6,4.3207650967
809,LiMn(SO4)2,Li2Mn(SO4)2,4.4221757283
1187,P3(WO6)2,LiP3(WO6)2,2.9708819583
426,Ta4MoS8,LiTa4MoS8,2.1105227367
901,LiMnCrO4,Li2MnCrO4,2.5885870733
148,VCr(P2O7)2,LiVCr(P2O7)2,4.4146559517
184,Li3MnCu3O8,Li4MnCu3O8,3.3292177967
344,MnNbO4,LiMnNbO4,2.8316070217
948,LiMnO2,Li2MnO2,1.5588388683
699,Ti3Cu3(TeO8)2,Li4Ti3Cu3(TeO8)2,3.6525002283
1224,Li9Co13O28,Li14Co13O28,3.6306694753
1086,Ti3Mn3(SbO8)2,Li4Ti3Mn3(SbO8)2,3.1552720408
405,Mn3V(PO4)6,Li6Mn3V(PO4)6,3.9649876617
958,Mn3(P2O7)2,Li2Mn3(P2O7)2,3.9945058408
473,LiV(PO4)2,Li2V(PO4)2,3.7780681692
959,LiMn2P5O16,Li3Mn2P5O16,3.8330633758
371,MnP2O7,LiMnP2O7,4.2691292042
620,MnP2O7,LiMnP2O7,4.3473935667
951,LiMn3O6,Li8Mn9O18,3.1912945323
772,Li3Co3CuO8,Li4Co3CuO8,3.5799381333
737,LiMnPCO7,Li2MnPCO7,3.8944815933
314,FePO4,LiFePO4,3.4991381842
360,Li2Mn(PO4)2,Li3Mn(PO4)2,4.2830551567
312,FeP2O7,LiFeP2O7,4.6661353492
1156,MnF3,LiMn2F6,4.5051158633
723,MnCr(PO4)2,Li2MnCr(PO4)2,3.2194408433
985,Li2Mn2(PO4)3,Li3Mn2(PO4)3,4.3086595483
675,MnO2,LiMn2O4,3.6270496392
387,MnSbO4,LiMnSbO4,3.1762640692
722,NbCr3(PO4)6,Li6NbCr3(PO4)6,3.56281792
284,Mn4FeO8,LiMn4FeO8,3.1962840267
1123,Li3VF6,Li4VF6,2.0325840283
121,LiCo2(PO4)3,Li3Co2(PO4)3,4.3812714692
1254,LiFeP2O7,Li2FeP2O7,3.1383297258
157,Cs2W(OF2)2,Cs2LiW(OF2)2,2.7752883767
852,LiNiCSO7,Li2NiCSO7,4.4364822933
291,Nb4FeS8,LiNb4FeS8,2.2392095667
127,CoPO4,LiCo2(PO4)2,4.4305906567
1183,Ti(SiO3)2,LiTi(SiO3)2,1.6360157621
655,LiV5O12,Li3V5O12,3.3244505167
34,Fe2Si2BiO9,LiFe2Si2BiO9,3.8503043167
295,Li3FeNi3O8,Li5FeNi3O8,2.9557656442
1052,Li(TiS2)2,LiTiS2,1.6909224833
509,MnCo3O8,Li2MnCo3O8,4.0319746442
108,Li(CoO2)3,Li2(CoO2)3,3.6731026817
713,Cu2(SO4)3,LiCu2(SO4)3,4.6399796058
913,V3Ni(PO4)6,Li6V3Ni(PO4)6,3.88781411
290,NaFe(SO4)2,NaLiFe(SO4)2,2.9594826592
916,LiNiSnO4,Li2NiSnO4,3.4189789858
27,Ba3LaIn(WO6)2,Ba3LiLaIn(WO6)2,1.7929760467
412,Li2MnV(PO4)3,Li3MnV(PO4)3,3.6658335617
633,Li2(NiO2)5,Li4(NiO2)5,3.4318339017
112,Co5SbO12,Li4Co5SbO12,3.8169761567
463,Pr2Ti2S2O5,LiPr2Ti2S2O5,0.8741335067
581,Li4VS2(O2F)4,Li9V2S4(O2F)8,4.1851533167
432,Na3VS3O,Na6LiV2(S3O)2,1.3070248267
317,FePO4,LiFePO4,3.4009168667
470,LiVTe(WO6)2,Li4VTe(WO6)2,3.2028796317
354,LiMn5O8,Li3Mn5O8,2.6932105217
391,LiMn3TeO8,Li3Mn3TeO8,3.1311698892
707,VCuO4,Li5V6(CuO4)6,3.8295384943
552,LiCo3Sb(PO4)6,Li6Co3Sb(PO4)6,4.4035553887
677,LiMn3O6,Li2Mn3O6,3.1951456917
1143,LiVF6,Li2VF6,4.7939450383
1030,Cr4(PO4)3,LiCr4(PO4)3,2.2402217433
119,LiV3CoO10,Li4V3CoO10,3.5242755333
603,Li3Mn3O8,Li4Mn3O8,3.7631521267
726,Mn3V2Cr3O16,Li4Mn3V2Cr3O16,3.7318753708
505,LiMn3CoO8,Li4Mn3CoO8,3.1684745333
1278,V9(P2O7)8,Li14V9(P2O7)8,2.972140289
467,Ti(SiO3)2,LiTi2(SiO3)4,1.5190992967
1182,Ti2P2O9,LiTi2P2O9,2.6458167883
1237,Li7VO5F,Li8VO5F,1.3568533683
278,Li4Mn2Fe3Ni3O16,Li10Mn2Fe3Ni3O16,2.9855062017
636,TiS2,Li(TiS2)2,2.1047206867
242,V6O5F19,Li5V6O5F19,4.2883179287
1206,Mn2OF3,LiMn2OF3,3.0525088108
751,ZnCr3(SO4)6,LiZnCr3(SO4)6,4.7985180533
537,MnFeCo(PO4)3,Li3MnFeCo(PO4)3,3.88762617
1134,Li2VF6,Li3VF6,3.8019237733
1117,LiVF6,Li3VF6,4.2122379583
864,CoF3,LiCoF3,4.6480343833
149,TiCrO4,LiTiCrO4,3.3854468567
1250,LiFe2P5O16,Li3Fe2P5O16,3.2014398058
1273,VPO4,LiVPO4,2.1760459708
856,FeWClO4,LiFeWClO4,3.3897662183
1,AgBi2F12,LiAgBi2F12,6.1299117067
568,CuS,Li(CuS)2,1.8453782467
1105,VF3,LiVF3,2.3509888583
1271,Li2V(PO4)2,Li3V(PO4)2,3.15290748
259,VOF3,LiV4(OF3)4,4.4524549667
920,Mo2P2O9,LiMo2P2O9,3.4509101783
459,V2Sb(PO4)3,LiV4Sb2(PO4)6,2.9575496967
608,MnSO5,LiMn2(SO5)2,4.6873631067
891,MnCr3O8,Li2MnCr3O8,3.9534602008
268,Rb2VF6,Rb2LiVF6,4.0436948867
129,CoPO4,LiCoPO4,4.3335864492
311,Fe3P3O11,LiFe3P3O11,3.1233143442
1251,LiFeP2O7,Li2FeP2O7,3.1676139508
228,V2OF5,LiV2OF5,3.3931532417
611,TiMn3O8,Li2TiMn3O8,3.5473553042
423,MoWO6,LiMo2(WO6)2,3.1466357167
449,Li6VNi3(PO4)6,Li8VNi3(PO4)6,4.1886560167
86,FeCo9O20,Li2FeCo9O20,4.2474603167
853,Li4Mn2C4SO16,Li6Mn2C4SO16,3.8856430183
313,FePO4,LiFePO4,3.3219364767
858,Li4V2C4SO16,Li6V2C4SO16,2.5611574933
935,MnV(PO4)2,Li2MnV(PO4)2,3.1181121983
434,Ti3NbO8,Li2Ti3NbO8,1.8585467517
735,MnCr3(PO4)4,Li4MnCr3(PO4)4,2.9215450583
1090,LiCuPO4,Li2CuPO4,3.2802769733
168,NaCu2H2(SeO5)2,NaLiCu2H2(SeO5)2,3.8149204867
398,Li4Mn3V5O16,Li10Mn3V5O16,1.77942767
595,FePO4,LiFePO4,3.4048479667
1080,MnNi(PO4)2,Li4Mn3Ni3(PO4)6,4.1293321283
1244,Li3MnV(PO4)3,Li4MnV(PO4)3,3.3110507183
811,LiMnVP2(HO5)2,Li3MnVP2(HO5)2,3.3242731983
393,Ti3Mn5O16,Li4Ti3Mn5O16,3.5562360042
1229,V2P3O10,LiV2P3O10,2.6474184733
842,LiVAsCO7,Li2VAsCO7,3.2921253933
91,MnFeCo(PO4)3,Li3MnFeCo(PO4)3,3.8803771558
138,Ti3Mn3Cr2O16,Li4Ti3Mn3Cr2O16,3.7414143867
829,LiNb(PO4)2,Li2Nb(PO4)2,2.5899010633
1269,LiV(PO4)2,Li2V(PO4)2,4.2331097883
223,NbOF3,LiNbOF3,2.4873790767
448,TiNi5(PO4)6,Li4TiNi5(PO4)6,4.2778091167
304,LiFeSiO4,Li2FeSiO4,2.8645331717
430,TaMoS4,LiTaMoS4,2.1880116067
1171,LiP2WO8,Li3P2WO8,2.7494620183
989,LiTi3O6,Li2Ti3O6,1.4133599633
1128,VF5,LiVF5,4.9163289833
1146,LiVF5,Li2VF5,3.9840935058
347,LiMn2NiO6,Li2Mn2NiO6,3.7882334467
474,V2(PO4)3,Li3V2(PO4)3,3.6872203875
706,Mn3CuO8,Li4Mn3CuO8,3.3166037858
1295,Ni7(PO4)6,Li4Ni7(PO4)6,4.3764776658
795,Li4Mn3Cr3(NiO8)2,Li10Mn3Cr3(NiO8)2,2.5086906517
53,Co2TeCl2O3,LiCo4Te2(Cl2O3)2,2.9020715567
1272,Li5CoO4,Li47(CoO4)8,2.1337950248
1047,LiCo2P5O16,Li3Co2P5O16,4.5137203583
1007,V2OF6,Li2V2OF6,4.0599333158
1136,Li9V8F48,Li2VF6,4.7130864205
780,Mn2Co(PO4)3,Li2Mn2Co(PO4)3,4.0882575933
1039,LiNiO2,Li2NiO2,2.7699915283
480,LiTi2VO6,Li2Ti2VO6,1.7368685867
16,Ti6AgS12,LiTi6AgS12,2.0102895167
1013,LiV3OF11,Li4V3OF11,3.8616125367
364,Li2Mn2(PO4)3,Li3Mn2(PO4)3,4.0776253717
179,Sr4Mn2Cu3(SeO)4,Sr4LiMn2Cu3(SeO)4,1.1272085767
725,VCr2Ni3(PO4)6,Li4VCr2Ni3(PO4)6,3.4369293158
1050,VS2,LiVS2,1.8018921733
247,VOF3,LiVOF3,4.4825886867
669,MnO2,LiMnO2,3.1933678217
1265,Li19(CoO4)4,Li5CoO4,2.5255655733
566,Li(CrS2)4,Li(CrS2)2,2.5029797567
990,Li4Ti11O24,Li7Ti11O24,1.8729556667
1217,V(PO3)3,LiV(PO3)3,2.7801566633
946,MnO2,LiMnO2,3.1254619408
367,LiMnP2O7,Li2MnP2O7,3.6895855342
1144,LiVF4,Li2VF4,2.4284055133
392,Ti3Mn3(TeO8)2,Li4Ti3Mn3(TeO8)2,3.2448345092
374,LiMnP2O7,Li2MnP2O7,3.8700544142
333,KLaMoO5,K2LiLa2(MoO5)2,1.9834256867
663,LiV5O10,Li3V5O10,2.8667244167
13,Ta2AgF12,LiTa2AgF12,5.6807929667
187,LiCuO2,Li3(CuO2)2,2.8358676467
815,TiMn3O8,Li2TiMn3O8,3.6671511283
760,Co2NiO6,LiCo2NiO6,4.1424165883
992,TiO2,LiTi2O4,1.5705280483
1159,LiMnF4,Li2MnF4,3.7764182233
266,WOF4,LiW2(OF4)2,3.4072138267
203,KFe2P3(O4F3)2,K2LiFe4P6(O4F3)4,3.3755998567
382,MnPO4,LiMn2(PO4)2,3.8217205867
224,Nb3Pb2(O2F)4,LiNb3Pb2(O2F)4,4.0557931967
310,Fe(PO3)3,LiFe4(PO3)12,3.4900881067
1170,Li3Fe4(BO3)4,Li7Fe8(BO3)8,2.5442361233
170,In2CuSe4,LiIn2CuSe4,2.5288944367
622,MnPO4,LiMnPO4,3.7975755067
17,Ta4AgS8,LiTa4AgS8,2.1812811067
700,VCoO4,LiVCoO4,3.9199786733
370,MnP2O7,LiMnP2O7,4.4391493242
425,Ta(Mo2S5)2,LiTa(Mo2S5)2,2.2104574767
569,LiFeF4,Li2FeF4,3.6041534467
1113,LiVF5,Li2VF5,4.0295883083
939,LiV2O4,LiVO2,2.2985821033
1221,Li4CoO4,Li5CoO4,2.6779441596
996,V2OF5,LiV2OF5,3.5414091883
779,LiCu3(CO3)3,LiCuCO3,3.138580155
329,KNiIO6,KLiNiIO6,3.8597486067
1198,CoP2O7,LiCoP2O7,4.9518284783
175,MnCu(PO4)2,Li2MnCu(PO4)2,3.8648444742
1081,Mn3Sn(PO4)4,Li4Mn3Sn(PO4)4,3.2091327396
4,Cu2Ag(SeO5)2,LiCu2Ag(SeO5)2,4.3265783067
1180,P3(WO6)2,LiP3(WO6)2,2.9227127183
227,LiV(OF)2,Li2V(OF)2,3.7436648117
1285,V4P9O32,Li3V4P9O32,4.9624024967
1242,Fe5(P3O11)2,Li4Fe5(P3O11)2,3.2339013183
698,Li3Fe3CuO8,Li4Fe3CuO8,3.5566223733
1222,V(PO3)3,LiV(PO3)3,2.6724917733
240,Li5V6O5F19,Li11V6O5F19,3.2808664817
579,MoF6,LiMoF6,4.3934920367
670,MnO2,LiMnO2,3.1503054742
1173,P4WO12,LiP4WO12,3.5075383133
683,VPO5,LiVPO5,3.7101311167
487,TiVO4,LiTiVO4,2.4313006167
1092,Cu2P3O10,LiCu2P3O10,4.5977199933
1227,V(PO3)4,LiV(PO3)4,4.5680683733
562,LiCr2(PO4)3,Li3Cr2(PO4)3,4.3322631892
881,Li2V5Cr2O12,Li3V5Cr2O12,2.5373454383
530,LiMnPCO7,Li2MnPCO7,3.9171041917
15,Nb4AgS8,LiNb4AgS8,2.2102567867
330,NaNiIO6,NaLiNiIO6,3.8365239567
933,LiCoSiO4,Li3Co2(SiO4)2,3.4519480983
469,LiV(TeO4)3,Li4V(TeO4)3,3.636965155
711,VFeP2(O4F)2,Li3VFeP2(O4F)2,4.54309631
363,LiMn2(PO4)3,Li2Mn2(PO4)3,4.2345708017
1147,LiMnF4,Li2MnF4,4.0926994333
1276,VP2O7,LiVP2O7,3.4804758283
781,V3Co(PO4)4,Li4V3Co(PO4)4,2.7387808533
44,Fe2C2O7,Li2Fe2C2O7,3.0786581192
189,Cu3(TeO5)2,LiCu3(TeO5)2,4.0646075167
814,TiMn2O6,Li3TiMn2O6,3.0853931517
584,V3OF11,LiV3OF11,4.4376961967
1168,Cr(PO3)3,LiCr(PO3)3,2.8274169933
102,Li4Co2Ni3O10,Li5Co2Ni3O10,3.3979947867
914,LiCr2O4,LiCrO2,3.4480663733
1035,CrPO5,LiCrPO5,4.2104869258
186,NaCuO2,Na4Li(CuO2)4,2.1666696667
390,Mn3TeO8,LiMn3TeO8,3.3258621767
1284,LiVP2O7,Li2VP2O7,2.5220932908
1164,LiFeO2,Li5(FeO2)4,1.4962627333
328,KMnIO6,KLiMnIO6,3.2073768017
632,Li3(NiO2)4,LiNiO2,3.6000984067
660,VO2,LiV5O10,2.9462627867
1279,LiVP2O7,Li2VP2O7,2.2368514483
142,LiMn4Cr2O12,Li2Mn2CrO6,3.3098518267
964,MnP2O7,LiMnP2O7,4.5293552733
1093,Cu9(PO4)8,Li6Cu9(PO4)8,4.224617225
877,Li2VCr3O8,Li5VCr3O8,1.80087157
243,V6O5F19,Li5V6O5F19,4.2408400157
742,Li3Fe2P2(CO7)2,Li5Fe2P2(CO7)2,3.8230760708
164,EuCuO3,LiEu4(CuO3)4,3.3323143767
857,Li2CoPCO7,Li3CoPCO7,4.1015769433
894,Li3MnCr3O8,Li4MnCr3O8,2.6750679033
165,CuPdF6,LiCu2Pd2F12,4.8350415167
98,Mn3Co3(SbO8)2,Li4Mn3Co3(SbO8)2,3.9002211892
849,V3Bi2(PO4)6,Li5V3Bi2(PO4)6,3.0517836673
522,MnF4,LiMnF4,5.6135752717
651,V2O5,LiV4O10,3.6607511417
639,TiS2,Li(TiS2)2,1.9710672667
736,Mn3Cr(PO4)4,Li4Mn3Cr(PO4)4,3.5131906183
1069,Li5La4TiNb7O28,Li8La4TiNb7O28,1.94139986
1213,Mn5OF11,Li3Mn5OF11,3.77921599
379,LiMnP2O7,Li2MnP2O7,3.9434740967
642,VS2,LiVS2,1.7217244167
1218,V(PO3)4,LiV(PO3)4,4.7997109383
1071,TiMn2Ni3(PO4)6,Li4TiMn2Ni3(PO4)6,4.1318376333
152,Li2CrO4,Li3CrO4,2.9655609417
761,LiCo2NiO6,Li3Co2NiO6,3.6609873883
262,LiVOF4,Li2VOF4,4.1488963767
95,La4CoO8,LiLa4CoO8,3.7244695042
273,Mn7O7F,LiMn7O7F,2.4564303767
499,Ta3WS8,LiTa3WS8,2.2198166367
928,Mo4P5O24,Li3Mo4P5O24,3.6274730067
875,Li2VCr3O8,Li3VCr3O8,2.5171624933
863,Mn2Cr3Co3O16,Li4Mn2Cr3Co3O16,4.0092093433
533,Mn3Fe2Co3O16,Li4Mn3Fe2Co3O16,4.1550519517
553,LiTi2Co3O10,Li4Ti2Co3O10,3.6012344133
984,LiMn2(PO4)3,Li2Mn2(PO4)3,4.3782873133
318,FePO4,LiFePO4,3.3137463167
788,LiCo2(CO3)3,Li2Co2(CO3)3,3.8458857283
511,MnCo5O12,Li4MnCo5O12,4.2148692817
74,Cr(CoO3)2,LiCr(CoO3)2,4.2713331167
1024,Li8V3P8O29,Li9V3P8O29,2.8591159283
369,MnP2O7,LiMnP2O7,4.3259404492
586,Li5V6O5F19,Li11V6O5F19,3.306545695
825,MnV4O12,Li3MnV4O12,3.58694909
143,Mn2Cr3O12,Li2Mn2Cr3O12,4.0462535817
257,LiV2(OF3)2,LiVOF3,4.3194225767
832,Li(Mo3S4)2,Li7(Mo3S4)4,1.7362767333
962,Mn4(PO4)3,LiMn4(PO4)3,3.6195835608
813,MnVP2(HO5)2,LiMnVP2(HO5)2,4.0940434983
196,KNaEuNbO5,K2Na2LiEu2Nb2O10,1.2197208667
923,MoP2O7,LiMoP2O7,3.2641944683
571,Mn2F5,LiMn2F5,4.3163420517
383,LiMn2(PO4)2,LiMnPO4,3.7438019767
481,LiTi3V5O16,Li4Ti3V5O16,2.45787559
435,Li7Ti7Nb5O30,Li9Ti7Nb5O30,1.6604586667
394,TiMn2O6,Li2TiMn2O6,3.3315651442
963,Li3Mn3(PO4)4,Li5Mn3(PO4)4,3.9597102683
197,EuMnO3,LiEu4Mn4O12,1.8049002067
137,K2CrO4,K8Li3Cr4O16,1.72723591
420,Li3MoP2O9,Li4MoP2O9,3.3630732017
442,Li12Ni11O28,Li17Ni11O28,3.5488757967
1189,Li6P8W3O29,Li9P8W3O29,2.6599732683
921,Mo3P3O16,LiMo3P3O16,3.9988094483
244,LiV6O5F19,Li5V6O5F19,4.2480932667
1179,P2WO8,LiP2WO8,4.2762466933
200,K2FeF5,K4LiFe2F10,2.4059435667
300,LiFe2Si2O7,Li2Fe2Si2O7,2.6866561917
545,CoO2,Li(CoO2)3,4.0939504667
667,TiO2,LiTiO2,1.4316755517
676,LiMn2O4,Li5Mn4O8,2.19311935
408,LiMnV(P2O7)2,Li2MnV(P2O7)2,4.1267324967
1228,V(PO3)4,LiV(PO3)4,4.8353854958
1132,LiVF6,Li3V2F12,4.6676134433
826,MnV4O12,Li3MnV4O12,3.66334642
100,NaCo2(MoO5)2,NaLiCo2(MoO5)2,4.1682635067
549,Li(CoO2)3,Li2(CoO2)3,3.6731026817
325,MnPHO5,LiMn2P2(HO5)2,4.4707892967
1133,LiVF6,Li2VF6,4.6636388708
637,Li(TiS2)2,LiTiS2,1.6671492867
1120,VF5,Li2VF5,4.5879716133
174,MgCu2(SiO3)4,Li2MgCu2(SiO3)4,3.6676587467
296,Li(FeO2)2,Li5(FeO2)4,2.7844595133
833,Li7(Mo3S4)4,Li2Mo3S4,1.5753833933
306,Li3Fe3TeO8,Li4Fe3TeO8,2.2215064067
1099,LiVF4,Li2VF4,2.3895427808
130,CoPO4,LiCoPO4,4.2253930717
280,Mn3Fe(PO4)6,Li7Mn3Fe(PO4)6,4.1105309824
738,Cr3Ni(PO4)4,Li4Cr3Ni(PO4)4,3.1324460933
136,KMn2Cr2O10,KLiMn2Cr2O10,4.0568682367
415,Mo2P2O11,LiMo2P2O11,3.8345276967
868,Li3Ni2P2(O4F)2,Li2NiPO4F,4.2525838183
139,Mn5Cr(PO4)6,LiMn5Cr(PO4)6,3.9504200567
349,LiMn2NiO6,Li2Mn2NiO6,3.6355233317
1262,Li4V3O8,Li19V12O32,2.3914518433
972,Mn5(P2O7)4,LiMn5(P2O7)4,4.4859875133
253,VOF3,LiV2(OF3)2,4.5224466167
792,Co3Ni(PO4)4,Li4Co3Ni(PO4)4,4.4900216208
1280,VPO4,Li2V3(PO4)3,2.4029767333
368,MnP2O7,LiMnP2O7,4.5367959417
1196,LiCoP2O7,Li2CoP2O7,4.4332520733
785,LiCr(CoO3)2,Li3Cr(CoO3)2,3.3976899383
460,SrVPO6,SrLiVPO6,2.5572269042
846,Li2MnBPO7,Li3MnBPO7,3.6071387433
479,VPO5,LiVPO5,3.8152989492
902,Fe(SbO3)4,Li3Fe(SbO3)4,3.8270474483
925,Mo(PO3)4,LiMo(PO3)4,4.1639882858
687,Li2Cr3NiO8,Li5Cr3NiO8,2.8407774783
818,Li3MnNi3O8,Li4MnNi3O8,3.6149631733
805,Li3CrF6,Li4CrF6,2.1705268983
854,WCl6,LiWCl6,2.6459068133
1230,Fe(PO3)4,LiFe(PO3)4,5.3156035483
503,LiMn2CoO6,Li3Mn2CoO6,3.0706289317
1290,V2(PO4)3,LiV2(PO4)3,4.1523343908
510,MnCo3O8,Li2MnCo3O8,4.3555522717
235,V3OF11,Li4V3OF11,3.9530942329
485,Li3TiV3O8,Li4TiV3O8,1.6892684917
436,NbV3O10,LiNbV3O10,3.5211397967
60,Rb2VCl6,Rb2LiVCl6,2.6200969467
1091,LiCuPO4,Li2CuPO4,3.0207638383
819,Mo15Se19,Li3Mo15Se19,1.5864040833
402,MnV4O12,LiMnV4O12,3.8540425767
661,LiV2O4,LiVO2,2.4813867217
681,Li3Mn4O8,LiMnO2,2.7477240067
604,Li4Mn3O8,Li5Mn3O8,2.9462294967
1236,Fe(PO3)3,LiFe(PO3)3,3.6850577958
308,VFeO4,LiVFeO4,3.0735362467
986,Li3Ni2(PO4)3,Li5Ni2(PO4)3,4.2790637208
444,Li(NiO2)2,LiNiO2,3.3856182167
778,Li3Co2P2(O4F)2,Li2CoPO4F,4.4347715608
931,Mo2(PO4)3,LiMo2(PO4)3,3.5042389658
1283,LiVP2O7,Li2VP2O7,2.1975758408
274,KFe(SO4)2,KLiFe(SO4)2,2.4387177742
1064,NiH12(SO7)2,Li2NiH12(SO7)2,4.4657679958
421,Mo2PO8,LiMo2PO8,3.2008875817
1166,Li4MnF8,Li5MnF8,4.5198552333
957,Li3Mn4(PO4)6,Li3Mn2(PO4)3,4.1161879567
388,Ti3Mn3(SbO8)2,Li4Ti3Mn3(SbO8)2,3.1956342467
976,Fe4OF7,LiFe4OF7,2.7964716633
386,Mn2(SO4)3,Li2Mn2(SO4)3,4.5862354417
697,Li2Cr3NiO8,Li5Cr3NiO8,2.9024430233
555,LiCo2(PO4)2,LiCoPO4,4.3814133567
973,MnPO4,Li2Mn3(PO4)3,3.6070208483
831,Li2Nb6NiO18,Li5Nb6NiO18,3.516421385
941,Li2V5O10,Li3V5O10,2.6953015733
78,Li2CrCo3O8,Li3CrCo3O8,3.2705867067
807,Mn5SnO12,Li4Mn5SnO12,3.1805867033
745,TiCo3O8,Li3TiCo3O8,3.73214665
623,MnPO4,LiMnPO4,3.9001742842
1004,LiV2OF7,Li3V2OF7,3.8453607758
158,Cs2VF6,Cs4LiV2F12,2.7672290867
794,LiCr(CoO3)2,Li3Cr(CoO3)2,3.4975313783
910,VNi(PO4)2,Li2VNi(PO4)2,3.1198466508
407,MnV(P2O7)2,LiMnV(P2O7)2,4.5043406967
1135,VF5,LiVF5,5.0143061908
835,Nb4VO12,Li3Nb4VO12,2.3863206433
118,Li3TiCo3O8,Li4TiCo3O8,2.9401151317
695,Mn3Cu3(TeO8)2,Li4Mn3Cu3(TeO8)2,3.9879125883
587,Li2VO3F,Li3VO3F,2.9301814467
1274,VP2O7,LiVP2O7,3.6013977058
850,Li2Cr(CO3)3,Li3Cr(CO3)3,4.1930808583
944,Mn5O8,Li3Mn5O8,2.8245171533
41,LiFe2(CO3)4,LiFe(CO3)2,4.3259315467
401,MnVO4,LiMnVO4,3.5460990467
884,Mn3Cr5O16,Li4Mn3Cr5O16,4.1306214383
285,Mn3FeO8,Li2Mn3FeO8,4.0015909417
1208,Mn4OF8,Li2Mn4OF8,3.5983588608
260,VOF3,LiV4(OF3)4,4.6165357667
375,LiMn2(P2O7)2,Li2MnP2O7,4.1921341767
417,LiMo2(PO4)3,Li3Mo2(PO4)3,3.0937791842
955,Li3Mn4(PO4)6,Li3Mn2(PO4)3,4.1445023633
66,Cs2CoF6,Cs2LiCoF6,4.7019456667
631,Li(NiO2)2,LiNiO2,3.3856182167
120,K2CrF6,K2LiCrF6,5.0025161367
1037,Ni3O4,LiNi3O4,3.5124175233
322,FePO4,LiFePO4,3.1884541617
1098,VF4,LiVF4,4.2108963858
704,Ti16CuS32,Li8Ti16CuS32,2.0207439546
787,Co3TeO8,Li2Co3TeO8,3.6738656383
762,FeCu(PO4)2,Li2FeCu(PO4)2,3.7321333358
691,Cr3(NiO6)2,Li3Cr3(NiO6)2,4.1551240183
496,LiV2O4,LiVO2,2.4813867217
236,V3OF11,LiV3OF11,4.5112981367
331,V2H2O5,LiV2H2O5,2.6913223767
924,Mo2PO8,LiMo2PO8,3.2660839783
1203,CoPO4,LiCoPO4,4.3859941983
873,MnFeCo(PO4)3,Li3MnFeCo(PO4)3,3.771642185
1150,LiMnF5,Li2MnF5,5.1913782333
612,LiMnVO4,Li2MnVO4,2.5060384367
282,MnFe3(PO4)4,Li4MnFe3(PO4)4,3.5630542129
641,VS2,Li(VS2)2,1.9038981467
264,Li2VOF5,Li3VOF5,4.1096126067
771,Li4Mn3Co2Ni3O16,Li10Mn3Co2Ni3O16,2.837011995
52,YbTiCdSbO7,LiYb4Ti4Cd4(SbO7)4,3.5381293967
886,Mn3Fe(PO4)4,Li4Mn3Fe(PO4)4,3.7152089058
178,Mn3Cu3(TeO8)2,Li4Mn3Cu3(TeO8)2,4.0222660442
605,Mn5O8,LiMn5O8,3.0870344867
1043,Li6(NiO2)5,Li8(NiO2)5,2.6903294383
806,Cr3(CuO6)2,Li3Cr3(CuO6)2,4.0587539042
103,Li3CoNi3O8,Li4CoNi3O8,3.6005756067
558,Mn3CrO8,LiMn3CrO8,3.9862555367
199,Eu6WO12,LiEu6WO12,2.2006358467
403,LiMnV4O12,Li3MnV4O12,3.4533543817
557,CrF6,LiCrF6,6.1364763167
353,Li3Mn3O8,Li4Mn3O8,3.7406368167
1033,CrP2O7,LiCrP2O7,4.7253796958
1075,Li2VFe(P2O7)2,Li3VFe(P2O7)2,2.9555278733
287,Li3MnFe3O8,Li4MnFe3O8,2.7240205867
193,Cu(SnS2)4,LiCu(SnS2)4,1.7875667767
918,Mo2P3O13,LiMo2P3O13,3.8263860383
1214,Li(CoO2)2,Li2CoO2,2.4205801267
188,Ta2CuO6,LiTa2CuO6,3.2174453767
1001,V3(OF3)2,LiV3(OF3)2,3.3444100883
812,Mn2(SO4)3,LiMn2(SO4)3,4.3411585908
1275,VP2O7,LiVP2O7,3.4870440633
302,LiFeSiO4,Li2FeSiO4,2.8148166542
3,Cr2AgS4,LiCr4(AgS4)2,2.0882747367
1054,TiS2,Li(TiS2)3,1.9795478233
575,LiMnF4,Li2MnF4,4.0192281567
389,Sr3Mn4O12,Sr3LiMn4O12,4.0210533767
117,TiCo3O8,Li3TiCo3O8,3.73334711
515,MnCo3O8,LiMnCo3O8,4.2097556467
682,VPO5,LiVPO5,3.6795729942
513,Li2Mn3(CoO4)3,Li2MnCoO4,3.1017348042
600,Mn3NiO8,Li2Mn3NiO8,4.1654564567
673,MnO2,LiMn2O4,3.8393154817
418,Mo2P3O13,LiMo2P3O13,3.8774898217
1003,V2OF5,LiV2OF5,3.4890903358
384,LiMn2(PO4)2,LiMnPO4,3.9772278617
613,MnS2,Li(MnS2)2,1.9129283117
596,FePO4,LiFePO4,3.3106804342
453,LiTiNiO4,Li2TiNiO4,3.7100865192
721,Mn3Cr2Sb3O16,Li4Mn3Cr2Sb3O16,3.3367255408
1238,VOF3,LiVOF3,4.2933786108
1067,Li2Ti(FeO3)2,Li3Ti(FeO3)2,2.3058045
1172,V2(SO4)3,Li2V2(SO4)3,3.1390785883
31,Ba2YbSbO6,Ba2LiYbSbO6,1.9820790167
323,Ti3FeS6,LiTi6(FeS6)2,1.7553684867
848,Li2Cr3(CO3)6,Li4Cr3(CO3)6,3.3509051833
324,Sr2MnGaO5,Sr4LiMn2(GaO5)2,1.8849922567
696,V3Cr(PO4)6,Li6V3Cr(PO4)6,3.4945057
844,Li2FeBAsO7,Li3FeBAsO7,4.0179841083
1232,LiVOF3,Li2VOF3,3.2578156633
84,LiFeCo3O8,Li3FeCo3O8,3.4741138867
1239,LiVOF3,Li2VOF3,3.2260034283
43,Fe2(CO3)3,LiFe2(CO3)3,3.4638906567
892,Li2MnCr3O8,Li5MnCr3O8,2.4426635817
1063,Li2Mn3(FeO4)3,Li4Mn3(FeO4)3,3.6499359033
847,Li2VBPO7,Li3VBPO7,3.1007107233
12,AgSnF6,LiAgSnF6,5.0014079667
140,Mn3Cr3(WO8)2,Li4Mn3Cr3(WO8)2,3.3844617242
226,LiV2P2(O4F)2,Li2VPO4F,2.5248068417
245,Li2VO3F,Li3VO3F,3.0051333817
1106,VF4,Li2VF4,3.2970426958
629,NiS2,Li(NiS2)2,1.8956514817
1085,MnNb4O12,Li3MnNb4O12,3.0000058383
520,MnF3,LiMnF3,4.2529909267
202,Li3Cu(PO4)2,Li4Cu(PO4)2,4.0495207517
968,MnPO4,LiMnPO4,3.8407628367
701,V3CoO8,Li2V3CoO8,3.5123177658
68,CoCu3(PO4)4,Li4CoCu3(PO4)4,4.2038423517
22,Ba3Ti3(BO6)2,Ba3LiTi3(BO6)2,1.2607676267
684,V(SiO3)2,LiV2(SiO3)4,2.6166810617
535,MnFeCo(PO4)3,Li3MnFeCo(PO4)3,3.8600474225
219,LiMnPO4F,Li3Mn2P2(O4F)2,3.8710829442
1022,VOF3,LiVOF3,4.4524887133
475,VP2O7,LiV2(P2O7)2,3.6036614067
893,Mn3CrO8,Li2Mn3CrO8,3.7060271358
1129,VF5,LiVF5,4.8677372108
471,ThTi2O6,LiThTi2O6,0.5659508067
482,LiTi3VO8,Li2Ti3VO8,1.9709608442
283,LiMn3FeO8,Li2Mn3FeO8,3.8008151867
970,Mn4P7O24,LiMn4P7O24,4.3672867683
1176,V(SO4)2,LiV(SO4)2,4.68184435
754,Co(NiO2)4,Li3Co(NiO2)4,3.7129479633
872,LiMnPO4F,Li2MnPO4F,3.9609948446
1051,TiS2,Li(TiS2)2,1.9234833233
54,Cs2MoCl6,Cs2LiMoCl6,2.2017898367
995,Li3MnV(PO4)3,Li4MnV(PO4)3,3.0309761983
1212,Mn2OF3,LiMn2OF3,3.0026829633
495,LiV5O12,Li3V5O12,3.2702827167
1267,V2P5O16,LiV2P5O16,3.7709654233
1151,Li5VF8,Li6VF8,2.1295982033
395,LiTiMn3O8,Li3TiMn3O8,3.2094733767
49,CrCdF6,LiCrCdF6,4.9522239267
1112,VF5,LiVF5,4.8070949608
494,LiV5O12,Li3V5O12,3.3244505167
346,Li2Mn(NiO3)2,Li3Mn(NiO3)2,3.6702382517
658,VO2,LiV3O6,2.9512445767
1089,Li(TiTe2)2,LiTiTe2,1.1765271133
1042,Li4(NiO2)5,Li6(NiO2)5,3.0754646433
1258,V3O7,Li2V3O7,3.2735610533
82,Li3Fe3CoO8,Li4Fe3CoO8,3.3381687467
817,TiMnO4,Li2TiMnO4,2.8863528496
734,CrNi5(PO4)6,Li4CrNi5(PO4)6,4.2705548783
874,MnFeCo(PO4)3,Li3MnFeCo(PO4)3,3.7751618625
207,LiFe2S2(O4F)2,LiFeSO4F,3.7719517067
1073,VFe(P2O7)2,LiVFe(P2O7)2,4.4221128283
234,V3O5F3,LiV3O5F3,3.9893145217
211,K2MnF6,K2LiMnF6,3.7225870767
1029,Cr2P5O16,LiCr2P5O16,4.6542981233
597,Fe2(SO4)3,Li2Fe2(SO4)3,3.6688241942
822,Li2MnV3O8,Li3MnV3O8,2.3632734733
1127,Li2VF6,Li3VF6,3.904191065
1195,LiTi2(PO4)3,Li2Ti2(PO4)3,2.1909824708
497,TiSeS,LiTiSeS,1.6577014867
486,Li2TiV3O8,Li3TiV3O8,2.2505364067
969,MnP2O7,Li2MnP2O7,4.0279598096
798,LiCo(CO3)2,Li2Co(CO3)2,4.0248487358
190,V3CuO8,Li2V3CuO8,3.4621517229
1211,Mn5OF11,Li3Mn5OF11,3.7901526
746,V(CO3)2,Li2V(CO3)2,3.0426505758
523,NiF3,LiNiF3,5.9103083567
181,LiMn3CuO8,Li2Mn3CuO8,3.9326733667
1074,LiVFe(P2O7)2,Li2VFe(P2O7)2,3.9054518733
42,LiFe2(CO3)4,LiFe(CO3)2,4.4259304267
710,Cu2(SO4)3,Li2Cu2(SO4)3,4.8235295252
413,LiMo(PO4)2,Li2Mo(PO4)2,3.7408903417
556,Li3(CoS2)4,LiCoS2,1.9788464567
599,V3H5O8,LiV3H5O8,2.8959271767
445,Li2(NiO2)5,Li4(NiO2)5,3.6199192417
830,LiTi2Mn3O10,Li2Ti2Mn3O10,3.3308476233
1028,CrP2O7,LiCrP2O7,4.6366786183
461,ThV2PbO8,LiThV2PbO8,1.6413839767
1061,VFe(PO4)2,Li2VFe(PO4)2,2.9542412558
1186,Li2Ti2VO6,Li3Ti2VO6,1.5145997033
299,SrFe2(SeO3)4,SrLiFe2(SeO3)4,2.6769664367
689,CrS2,Li(CrS2)2,2.5596757033
76,Cr(CoO3)2,Li2Cr(CoO3)2,3.8429861842
63,Mn2Cr3Co3O16,Li4Mn2Cr3Co3O16,3.9111738917
1111,LiVF4,Li2VF4,2.5353078533
437,YbNbO4,LiYb2Nb2O8,3.4369184967
191,VCuO4,LiVCuO4,3.8582622317
1034,CrPO4,LiCrPO4,2.4036610158
500,Ti3VS6,LiTi3VS6,1.5562353367
64,Mn3Cr3(CoO8)2,Li4Mn3Cr3(CoO8)2,3.9803382442
827,Li2MnV3O8,Li5MnV3O8,1.8047915883
770,FeCo3(PO4)4,Li4FeCo3(PO4)4,4.1223113608
416,Mo2(PO4)3,LiMo2(PO4)3,3.5593437017
1122,Li2VF6,Li3VF6,3.7194583033
1048,CoP2O7,LiCoP2O7,4.5992697658
504,Mn3Co5O16,Li4Mn3Co5O16,4.0348652392
502,Mn2Co5O12,Li4Mn2Co5O12,3.5976566029
528,Li3Fe2(CO4)2,Li2FeCO4,2.5527220367
1292,Li7V8(PO4)12,Li11V8(PO4)12,3.3630380508
871,TiFe2Ni3(PO4)6,Li4TiFe2Ni3(PO4)6,3.8733945583
927,MoP2O7,LiMoP2O7,3.4354593333
159,CsFe(SO4)2,CsLiFe(SO4)2,3.0262384142
961,Mn5(P3O11)2,Li4Mn5(P3O11)2,3.7668231208
1154,Mn2F7,LiMn2F7,5.4794675533
338,K3VO4,K3LiVO4,0.6674351067
900,Mn7Cr12O48,Li9Mn7Cr12O48,4.2479988
860,FeCl4,Li2FeCl4,3.3946357633
1095,VF3,LiVF3,2.3023131458
714,LiCu2(SO4)3,Li3Cu2(SO4)3,3.9615790846
1010,Li3V4(OF3)3,Li4V4(OF3)3,2.0608537333
1246,LiFeP2O7,Li2FeP2O7,3.2707459483
25,Li3Mn2Fe(BO3)4,Li4Mn2Fe(BO3)4,2.9132840467
518,Mn2F5,LiMn2F5,4.2900589867
1201,LiCoP2O7,Li2CoP2O7,4.4196538808
750,V(CO3)2,LiV(CO3)2,3.5484686058
703,LiVCr(P2O7)2,Li2VCr(P2O7)2,3.9208839183
457,Ti4NiS8,LiTi4NiS8,1.7851520267
94,La4CoO8,LiLa4CoO8,3.6897893667
255,VOF3,LiV4(OF3)4,4.6351638967
1243,LiMnV(PO4)3,Li2MnV(PO4)3,4.1413965283
56,EuTiClO3,LiEu2Ti2(ClO3)2,3.4660265167
688,FeCu3(PO4)4,Li4FeCu3(PO4)4,3.8946592308
376,MnP2O7,LiMnP2O7,4.4338786517
298,TlFe(SO4)2,LiTlFe(SO4)2,3.0635089267
668,TiO2,LiTi4O8,1.8173588567
718,Li4(CuO2)3,Li2CuO2,2.5692792783
88,Li4FeCo9O20,Li8FeCo9O20,3.5124864117
1148,MnF4,LiMnF4,5.8058652883
410,Ta3MnS6,LiTa6(MnS6)2,1.9916991967
882,Li3Mn2P2(O4F)2,Li2MnPO4F,3.7117647783
869,Mn3Fe2Sn(PO4)6,Li4Mn3Fe2Sn(PO4)6,3.4395068233
216,Li2MnF5,Li3MnF5,3.9408589742
406,MnV3(PO4)6,Li6MnV3(PO4)6,3.660662975
1294,Ni4P4O15,Li2Ni4P4O15,4.4715236596
83,FeCo5O12,Li4FeCo5O12,3.8278382567
1036,CrPO4,LiCrPO4,2.4006511183
1055,Mn3Fe(PO4)6,Li6Mn3Fe(PO4)6,4.353640885
476,VPO4,LiVPO4,2.2924796692
1072,Mn3Sb(PO4)4,Li4Mn3Sb(PO4)4,3.1065945983
1032,Cr6P7O24,LiCr6P7O24,2.7342789733
286,Li4Mn5Fe3O16,Li10Mn5Fe3O16,2.2623148483
218,MnPO4F,LiMnPO4F,4.5061612654
332,In4SnS8,LiIn4SnS8,2.1323648267
246,Li3VO3F2,Li4VO3F2,2.8690955542
110,Li17(CoO4)4,Li5CoO4,2.6275873667
1045,CoP2O7,LiCoP2O7,4.9133347033
380,MnPO4,LiMnPO4,3.7075560117
1107,LiV2F7,Li2V2F7,2.3400583733
648,V2O5,LiV2O5,3.6378831042
114,Ti3Co3(TeO8)2,Li4Ti3Co3(TeO8)2,3.6470967117
978,Li5Mn9(P2O7)8,Li14Mn9(P2O7)8,3.6915353767
536,MnFeCo(PO4)3,Li3MnFeCo(PO4)3,3.86339339
563,CrS2,Li(CrS2)2,2.4369296217
1194,Li3Ti3VO8,Li4Ti3VO8,1.5167880133
506,Mn3CoO8,Li2Mn3CoO8,3.9557610342
1044,Co2(PO3)5,LiCo2(PO3)5,4.8591394283
1140,VF4,LiVF4,4.1204932908
592,Li2FeNi3O8,Li3FeNi3O8,3.6462261767
204,LiCuP2O7,Li2CuP2O7,4.6237164367
899,MnFe(PO4)2,Li2MnFe(PO4)2,3.6464597992
340,K3YbV2O8,K3LiYbV2O8,3.6307219867
748,Li4V(CO3)4,Li5V(CO3)4,3.4009887408
993,LiTi2O4,LiTiO2,1.2926047083
10,AgRhF6,LiAg2Rh2F12,4.7584279167
828,Li7Ti12NbO30,Li9Ti12NbO30,1.8966489233
397,Li3TiMn3O8,Li4TiMn3O8,2.5488113067
1209,LiMn3(OF3)2,Li4Mn3(OF3)2,3.35999007
104,LiCoNiO4,Li2CoNiO4,3.3719095267
297,VFe(P2O7)2,LiVFe(P2O7)2,4.4197615267
106,LiCo3NiO8,Li2Co3NiO8,3.9517512167
198,EuVO4,LiEu2V2O8,3.5083159167
952,LiMn7O14,LiMn3O6,3.6282992008
1174,Ti(SiO3)2,LiTi(SiO3)2,1.5876752133
1058,MnFe3(PO4)4,Li7Mn2Fe6(PO4)8,3.5697032033
542,Mn3Co3(SnO8)2,Li4Mn3Co3(SnO8)2,4.0402281129
446,Li(NiO2)2,Li2NiO2,2.83525455
20,MnAsO4,LiMnAsO4,3.7674171517
1216,Mn5O9F,Li4Mn5O9F,3.3418349958
662,V9O22,LiV18O44,3.6669883867
546,Li(CoO2)3,LiCoO2,3.6376029767
610,Li3Ti2Mn3O10,Li4Ti2Mn3O10,2.9084094317
607,LiMn2(SO4)3,Li2Mn2(SO4)3,4.3795565217
123,CoPO4,LiCoPO4,4.3348561642
61,Na2MnPCO7,Na2LiMnPCO7,3.2047084642
105,Co3NiO8,LiCo3NiO8,4.2113598917
693,Mn5Cu(PO4)6,Li4Mn5Cu(PO4)6,3.7376997608
966,MnP2O7,LiMnP2O7,4.1898782708
182,Mn3CuO8,LiMn3CuO8,3.8555816167
1009,Li2V3O3F5,Li3V3O3F5,2.0268666633
1215,LiMn3OF8,Li4Mn3OF8,3.6738938867
709,V3CuO8,Li2V3CuO8,3.4817523883
836,LiNb7V12O48,Li9Nb7V12O48,3.0383188708
478,VPO5,LiVPO5,3.9270362767
343,Li2MgNi3O8,Li4MgNi3O8,3.8208829517
638,TiS2,Li(TiS2)3,1.9835981067
539,MnFeCo(PO4)3,Li3MnFeCo(PO4)3,3.9154341833
777,Li4Mn2Fe3Co3O16,Li10Mn2Fe3Co3O16,2.5314975233
1205,LiFe3(SiO4)2,Li2Fe3(SiO4)2,2.79324834
534,MnFeCo(PO4)3,Li3MnFeCo(PO4)3,3.8909691975
163,Eu2Cu(GeO3)4,LiEu2Cu(GeO3)4,2.6079031567
731,TiMn3Cr2(PO4)6,Li4TiMn3Cr2(PO4)6,3.0501927233
908,NbSe2,LiNbSe2,1.7751376933
1102,VF4,LiVF4,4.2532989933
997,Li8Mn7V(PO4)12,Li12Mn7V(PO4)12,4.0547192858
580,Li3VS2(O2F)4,Li4VS2(O2F)4,4.6935235067
685,LiTiVO4,Li2TiVO4,1.4394921467
621,LiMnP2O7,Li2MnP2O7,3.7084620992
427,Ta3MoS8,LiTa3MoS8,2.1397106667
1264,Li17(CoO4)4,Li19(CoO4)4,2.5608603583
361,Mn2P3O11,LiMn2P3O11,4.2408855167
468,Tb2WO6,LiTb4(WO6)2,1.9021552767
447,Li7FeO5F,Li8FeO5F,2.9872138267
230,V2OF7,LiV2OF7,4.4542603167
419,MoP2O7,LiMoP2O7,3.4581367767
766,CrCo3(PO4)4,Li4CrCo3(PO4)4,3.9391292508
885,Mn2CrO6,Li3Mn2CrO6,3.4193668117
747,LiV2(CO3)4,Li3V2(CO3)4,2.8871390583
845,Li3VAs2O9,Li4VAs2O9,3.6049732058
58,K2MoCl6,K2LiMoCl6,2.3491811967
92,MnFeCo(PO4)3,Li3MnFeCo(PO4)3,3.833381925
39,LiCoPCO7,Li2CoPCO7,4.1914214367
1084,Mn(SO4)2,LiMn(SO4)2,5.1080038533
477,VPO5,LiVPO5,3.8320489117
50,LiMnPCO7,Li2MnPCO7,4.0650742067
456,Ta4NiS8,LiTa4NiS8,2.1369070267
1104,LiVF4,Li2VF4,2.4020842833
351,Mn2VNi3(PO4)6,Li4Mn2VNi3(PO4)6,3.9747634042
288,LiMnFeO4,Li2MnFeO4,2.7088216167
1025,LiTiNiO4,Li2TiNiO4,3.6524646183
764,Co3Cu3(TeO8)2,Li4Co3Cu3(TeO8)2,4.1443034233
652,V5O12,LiV5O12,3.5801688967
492,Sn(PS3)2,LiSn(PS3)2,2.1142154367
1109,LiVF4,Li2VF4,2.3097557983
715,TiCrO4,Li2TiCrO4,2.5074955621
359,Mn(PO3)4,LiMn(PO3)4,5.1131882467
250,LiV4(OF3)4,LiVOF3,4.11649326
801,Mn3Co(PO4)6,Li6Mn3Co(PO4)6,4.4553734417
1139,VF5,LiVF5,4.6892773733
206,LiVFeP2(O4F)2,Li2VFeP2(O4F)2,3.7841793217
350,Mn4NiO8,LiMn4NiO8,3.6394856367
950,Li4Mn3O8,Li11Mn6O16,2.4202516867
267,WOF3,LiW4(OF3)4,3.0848397667
1287,VPO5,LiVPO5,3.6459429708
33,Cu4(BiS2)5,LiCu4(BiS2)5,1.7536335067
938,V5O12,Li2V5O12,3.4846461571
887,MnFe2(PO4)3,Li2MnFe2(PO4)3,3.4012871983
185,Li2Mn5(CuO6)2,Li3Mn5(CuO6)2,3.0990268467
484,Li2Ti2V3O10,Li3Ti2V3O10,2.5428703067
458,V4NiS8,LiV4NiS8,1.9209031767
1260,Li3V5O12,Li6V5O12,2.74464905
755,Li2Co(NiO3)2,Li3Co(NiO3)2,3.6125227233
319,FePO4,LiFePO4,3.1737803817
561,CrO2,LiCr2O4,3.7421670842
307,Li3V2Fe3O10,Li5V2Fe3O10,2.5647651767
649,V2O5,LiV4O10,3.5227849467
1005,V3OF11,LiV3OF11,4.5732582333
674,LiMn2O4,LiMnO2,2.7866248917
1223,Li4Co13O28,Li9Co13O28,3.9006069293
727,Li4Mn2V3Cr3O16,Li10Mn2V3Cr3O16,2.0084557567
177,MnCu3(PO4)4,Li4MnCu3(PO4)4,4.1529418192
929,MoP2O7,LiMoP2O7,3.3867797933
559,LiMn3CrO8,Li3Mn3CrO8,3.0557344917
1158,Li3MnF7,Li4MnF7,4.5864828883
654,V5O12,LiV5O12,3.6827370967
560,LiCr2O4,LiCrO2,3.4727806167
653,LiV5O12,Li3V5O12,3.2702827167
1155,Mn3F8,Li2Mn3F8,4.2259650258
1011,V3OF11,LiV3OF11,4.3829504733
217,LiMn2P2(O4F)2,LiMnPO4F,4.4869499467
529,Li3Mn2P2(CO7)2,Li2MnPCO7,3.8125593167
784,Cr3Cu(PO4)4,Li4Cr3Cu(PO4)4,3.1401202233
1027,CrP2O7,LiCrP2O7,4.7694923608
1296,Ni4(PO4)3,LiNi4(PO4)3,4.3070694933
115,TiCo3O8,Li2TiCo3O8,4.0535483267
855,LiCoCSO7,Li2CoCSO7,4.2246359008
1281,VPO4,LiV2(PO4)2,2.4479903433
51,Li3Mn2P2(CO7)2,Li5Mn2P2(CO7)2,3.6147936642
1014,LiTi8O16,Li5Ti12O24,1.8736101983
6,Hf2Ag3F14,LiHf2Ag3F14,4.6001225267
898,MnFe7(PO4)8,Li8MnFe7(PO4)8,3.5486194546
512,MnCoO4,Li2Mn3(CoO4)3,4.0944509667
712,LiV2H4(OF5)2,LiVH2OF5,4.5392607733
690,Cu3Sb(PO4)4,Li4Cu3Sb(PO4)4,3.6375136033
233,V3O5F3,LiV3O5F3,3.9594232517
732,Li3Fe2P2(CO7)2,Li5Fe2P2(CO7)2,3.8545271133
1015,Li5Ti12O24,Li7Ti16O32,1.5818727533
867,LiFe2(CO3)3,Li2Fe2(CO3)3,3.0915734983
507,Mn4CoO8,LiMn4CoO8,3.5216216567
81,LiFe(CoO3)2,Li3Fe(CoO3)2,3.5858261367
1087,Mn3TeO8,Li3Mn3TeO8,3.196099295
880,VCrO4,LiVCrO4,2.8811584233
62,NaMnPCO7,NaLiMnPCO7,4.1313767017
146,LiMn2Cr2O8,Li3Mn2Cr2O8,3.5457717967
1192,TiVO4,Li2TiVO4,2.0704666233
797,Li2Cr3(CoO4)3,Li4Cr3(CoO4)3,3.7742428583
702,LiV3(CoO6)2,Li3V3(CoO6)2,4.0824449108
205,CuPO4,LiCu2(PO4)2,4.5061090667
45,KMnPCO7,KLiMnPCO7,3.9116115167
919,Mo2P2O11,LiMo2P2O11,3.8269738083
1289,Li7V4(PO4)6,Li4V2(PO4)3,2.0381880133
1060,Li3Mn3FeO8,Li4Mn3FeO8,2.7975183033
803,CrCo3O8,Li2CrCo3O8,4.1575153508
220,MnVP2(O4F)2,LiMnVP2(O4F)2,4.3610327167
160,CrPO5,LiCrPO5,4.4500446917
889,Mn3Fe(PO4)4,Li4Mn3Fe(PO4)4,3.7128387158
583,V2OF7,LiV2OF7,4.5229412067
823,Mo15Se19,Li2Mo15Se19,1.2350074183
657,V2O5,LiV28O70,3.6642976267
1137,Li2VF6,Li11V4F24,3.8930538083
915,LiNi(PS3)2,Li2Ni(PS3)2,2.2574163333
155,Li(CrS2)2,LiCrS2,2.3693221517
1248,Fe5P3O13,LiFe5P3O13,2.8812235383
1026,Cr3(P2O7)2,Li2Cr3(P2O7)2,2.7702423858
1008,V3OF11,Li4V3OF11,3.9777915983
316,FePO4,LiFePO4,3.3357087492
1235,LiVOF3,Li2VOF3,3.2454677258
213,K3RbMn2F12,K3RbLiMn2F12,3.7734954167
126,CoPO4,LiCoPO4,4.2576689629
97,MnCo3(PO4)4,Li4MnCo3(PO4)4,4.2107311742
1286,Li3V4P9O32,Li7V4P9O32,3.5911523746
547,CoO2,Li(CoO2)2,3.9555003992
315,FePO4,LiFePO4,3.4916265592
1167,Cr(PO3)3,LiCr(PO3)3,2.7571258708
593,LiFeNiO4,Li3Fe2(NiO4)2,3.4928076467
618,Li3Mn4(PO4)6,Li3Mn2(PO4)3,4.29710204
309,LiVFeO4,Li2VFeO4,2.3360704017
125,CoPO4,LiCoPO4,4.3018111717
1241,Fe3(P3O10)2,LiFe3(P3O10)2,4.4761467583
983,Li2Mn2(PO4)3,Li7Mn4(PO4)6,3.8865730867
229,V2OF5,LiV2OF5,3.4389782267
554,CoP2O7,LiCoP2O7,4.9086091467
943,Li4V5O10,LiVO2,2.2199986433
414,LiMo(PO4)2,Li2Mo(PO4)2,3.7270714767
1163,Li3MnF6,Li4MnF6,3.8998123733
744,Li2V(CO3)3,Li3V(CO3)3,3.5339085783
65,Cr3Co(PO4)6,Li6Cr3Co(PO4)6,4.43478926
516,Li2MnCo3O8,Li3MnCo3O8,3.6007286867
1249,LiFeP2O7,Li2FeP2O7,3.1986506008
96,Li2MgCo13O28,Li14MgCo13O28,3.7386259325
1288,LiV2(PO4)3,Li2V2(PO4)3,3.4262122808
18,Cu2AsClO4,LiCu4As2(ClO4)2,3.6025794567
776,LiCu3(CO3)3,Li2Cu3(CO3)3,3.2951006683
124,CoPO4,LiCoPO4,4.2474506929
122,LiCo2(P2O7)2,LiCoP2O7,4.6560927667
192,Li(CuS)6,Li(CuS)2,1.9188368267
739,LiMnPCO7,Li2MnPCO7,3.8791944633
131,CrPO4F,LiCrPO4F,4.3772295742
490,YbVO4,LiYb2V2O8,4.4362203967
757,LiCr(SO4)2,Li2Cr(SO4)2,2.9401229721
987,Li3MnV(PO4)3,Li4MnV(PO4)3,3.3343814033
1181,P4WO12,LiP4WO12,3.5699310933
934,VSn(PO4)2,Li2VSn(PO4)2,2.6154506271
768,Fe3Co(PO4)4,Li4Fe3Co(PO4)4,3.7308980308
1021,Li2MnV(P2O7)2,Li3MnV(P2O7)2,3.4697131083
988,MnV3(PO4)4,Li4MnV3(PO4)4,2.7692100958
141,Mn15CrO32,Li8Mn15CrO32,3.8326622967
321,LiFe2(PO4)2,LiFePO4,3.5092157917
1124,VF5,LiVF5,4.8644635696
21,VAsO5,LiVAsO5,3.8472238267
1184,Ti(PO3)4,LiTi(PO3)4,3.2612057583
116,TiCo5O12,Li4TiCo5O12,3.8088306192
774,LiFe(CO3)2,Li2Fe(CO3)2,3.3020966608
541,K2Li2CoO4,K2Li3CoO4,2.5591308642
1020,V6O5F19,Li5V6O5F19,4.2257860993
489,YbTiO3,LiYb2Ti2O6,0.4813566667
574,MnF3,LiMn2F6,4.5195406567
1220,V(PO3)4,LiV(PO3)4,4.7977730083
926,MoP2O7,LiMoP2O7,3.2521015483
782,MnCo(PO4)2,Li2MnCo(PO4)2,4.0634000758
404,Li3Mn3WO8,Li4Mn3WO8,2.1263612167
694,VCr3(PO4)6,Li6VCr3(PO4)6,4.0944177483
531,LiMnPCO7,Li5Mn2P2(CO7)2,3.7426612483
1291,LiV2(PO4)3,Li7V8(PO4)12,3.7463020367
132,Rb2CrF6,Rb2LiCrF6,4.4355141667
733,MnCr3(PO4)6,Li6MnCr3(PO4)6,4.3599836517
109,Li(CoO2)3,LiCoO2,3.6376029767
949,Li4Mn5O10,Li8Mn5O10,1.9256955908
578,Mn5O3F5,LiMn5O3F5,2.6516715867
947,LiMn7O12,Li5Mn7O12,2.8579076608
895,MnFe(PO4)2,Li2MnFe(PO4)2,3.6329837233
975,Fe5OF11,Li3Fe5OF11,3.51637402
